﻿<?xml version="1.0" encoding="utf-8"?>
<ApplicationManifest xmlns:xsd="http://www.w3.org/2001/XMLSchema" xmlns:xsi="http://www.w3.org/2001/XMLSchema-instance" ApplicationTypeName="AdventureGameApplicationType" ApplicationTypeVersion="1.0.0.0" xmlns="http://schemas.microsoft.com/2011/01/fabric">
  <Parameters />
  <ServiceManifestImport>
    <ServiceManifestRef ServiceManifestName="AdventureGamePkg" ServiceManifestVersion="1.0.0.0" />
  </ServiceManifestImport>
  <DefaultServices>
    <Service Name="PlayerActorService">
      <StatefulService ServiceTypeName="PlayerActorServiceType" TargetReplicaSetSize="3" MinReplicaSetSize="2">
        <UniformInt64Partition PartitionCount="9" LowKey="-9223372036854775808" HighKey="9223372036854775807" />
      </StatefulService>
    </Service>
    <Service Name="RoomActorService">
      <StatefulService ServiceTypeName="RoomActorServiceType" TargetReplicaSetSize="3" MinReplicaSetSize="2">
        <UniformInt64Partition PartitionCount="9" LowKey="-9223372036854775808" HighKey="9223372036854775807" />
      </StatefulService>
    </Service>
  </DefaultServices>
</ApplicationManifest>