﻿<?xml version="1.0" encoding="utf-8"?>
<ServiceManifest xmlns:xsd="http://www.w3.org/2001/XMLSchema" xmlns:xsi="http://www.w3.org/2001/XMLSchema-instance" Name="AdventureGamePkg" Version="1.0.0.0" xmlns="http://schemas.microsoft.com/2011/01/fabric">
   <ServiceTypes>
      <StatefulServiceType ServiceTypeName="PlayerActorServiceType" HasPersistedState="true">
         <Extensions>
            <Extension Name="__GeneratedServiceType__">
               <GeneratedNames xmlns="http://schemas.microsoft.com/2015/03/fabact-no-schema">
                  <DefaultService Name="PlayerActorService" />
                  <ServiceEndpoint Name="PlayerActorServiceEndpoint" />
                  <ReplicatorEndpoint Name="PlayerActorServiceReplicatorEndpoint" />
                  <ReplicatorConfigSection Name="PlayerActorServiceReplicatorConfig" />
                  <ReplicatorSecurityConfigSection Name="PlayerActorServiceReplicatorSecurityConfig" />
                  <StoreConfigSection Name="PlayerActorServiceLocalStoreConfig" />
               </GeneratedNames>
            </Extension>
         </Extensions>
      </StatefulServiceType>
      <StatefulServiceType ServiceTypeName="RoomActorServiceType" HasPersistedState="true">
         <Extensions>
            <Extension Name="__GeneratedServiceType__">
               <GeneratedNames xmlns="http://schemas.microsoft.com/2015/03/fabact-no-schema">
                  <DefaultService Name="RoomActorService" />
                  <ServiceEndpoint Name="RoomActorServiceEndpoint" />
                  <ReplicatorEndpoint Name="RoomActorServiceReplicatorEndpoint" />
                  <ReplicatorConfigSection Name="RoomActorServiceReplicatorConfig" />
                  <ReplicatorSecurityConfigSection Name="RoomActorServiceReplicatorSecurityConfig" />
                  <StoreConfigSection Name="RoomActorServiceLocalStoreConfig" />
               </GeneratedNames>
            </Extension>
         </Extensions>
      </StatefulServiceType>
   </ServiceTypes>
   <CodePackage Name="Code" Version="1.0.0.0">
      <EntryPoint>
         <ExeHost>
            <Program>AdventureGame.exe</Program>
         </ExeHost>
      </EntryPoint>
   </CodePackage>
   <ConfigPackage Name="Config" Version="1.0.0.0" />
   <Resources>
      <Endpoints>
         <Endpoint Name="PlayerActorServiceEndpoint" />
         <Endpoint Name="PlayerActorServiceReplicatorEndpoint" />
         <Endpoint Name="RoomActorServiceEndpoint" />
         <Endpoint Name="RoomActorServiceReplicatorEndpoint" />
      </Endpoints>
   </Resources>
</ServiceManifest>